fact_id,raw_name,metric_core,evidence,nearest_canonical_1,score_1,nearest_canonical_2,score_2,nearest_canonical_3,score_3,unit_compatible,role_compatible,denominator_compatible,block_reasons,why_not_top_candidate,recommended_action,review_status,fact_metric_subject_draft,fact_metric_role_draft,fact_flow_direction_draft,fact_denominator_type_draft,fact_unit_family,top_canonical_metric_subject,top_canonical_metric_role,top_canonical_flow_direction,top_canonical_denominator_type,top_canonical_unit_family,definition_score_1,metric_core_score_1,alias_score_1,definition_drifted_1
nestle_india_p015_1_fact_27,Market capitalization,market_capitalization,"Others Market capitalization 2,528,358 1,890,327 1,899,925 1,773,312 1,425,983 1,070,913 756,381 581,367 561,535 615,113",market_share_change,0.485,markets_operating_in,0.439,market_share,0.439,false,false,true,canonical_untyped;fact_untyped;unit_mismatch,"Nearest canonical market_share_change is not alias-eligible because: canonical_untyped, fact_untyped, unit_mismatch.",true_provisional,pending,,,unknown,,unknown,,coverage,unknown,,percentage_points,0.478,0.486,0.526,false
nestle_india_p015_1_fact_28,Market capitalization,market_capitalization,"Others Market capitalization 2,528,358 1,890,327 1,899,925 1,773,312 1,425,983 1,070,913 756,381 581,367 561,535 615,113",market_share_change,0.485,markets_operating_in,0.439,market_share,0.439,false,false,true,canonical_untyped;fact_untyped;unit_mismatch,"Nearest canonical market_share_change is not alias-eligible because: canonical_untyped, fact_untyped, unit_mismatch.",true_provisional,pending,,,unknown,,unknown,,coverage,unknown,,percentage_points,0.478,0.486,0.526,false
nestle_india_p055_1_fact_1,plastic neutral brands,plastic_neutral_brands,"Since 2020, its brands have remained plastic neutral.",water_conservation_potential,0.297,customer_satisfaction_score,0.251,consecutive_dividend_years,0.209,false,false,true,canonical_untyped;fact_untyped;unit_mismatch,"Nearest canonical water_conservation_potential is not alias-eligible because: canonical_untyped, fact_untyped, unit_mismatch.",standard_mapping_candidate,pending,waste,,unknown,,duration,,,unknown,,volume,0.248,0.391,0.448,false
nestle_india_p098_1_fact_57,Net consideration paid for Acquisition of Pet Food Business,net_consideration_paid_for_acquisition_of_pet_food_business,"Net consideration paid for Acquisition of Pet Food Business - (1,421.3)",energy_conservation_investment,0.356,advertising_spend,0.352,water_conservation_investment,0.349,true,false,true,fact_untyped,Nearest canonical energy_conservation_investment is not alias-eligible because: fact_untyped.,true_provisional,pending,,,unknown,,monetary,energy,investment,input,,monetary,0.324,0.430,0.429,false
nestle_india_p098_1_fact_58,Net consideration paid for Acquisition of Pet Food Business,net_consideration_paid_for_acquisition_of_pet_food_business,"Net consideration paid for Acquisition of Pet Food Business - (1,421.3)",energy_conservation_investment,0.356,advertising_spend,0.352,water_conservation_investment,0.349,true,false,true,fact_untyped,Nearest canonical energy_conservation_investment is not alias-eligible because: fact_untyped.,true_provisional,pending,,,unknown,,monetary,energy,investment,input,,monetary,0.324,0.430,0.429,false
nestle_india_p103_1_fact_4,settlement loss on pension transfer transaction,settlement_loss,"This includes a settlement loss of H 306.0 million (previous year nil) on the H 2,556.7 million settlement transaction with insurance service provider towards transferring the responsibility and administration for payment of defined pension benefits to existing pensioners effective 1st April 2024.",liquidity_reserves,0.302,capital_investment,0.299,total_investment,0.292,true,false,true,canonical_untyped;fact_untyped,"Nearest canonical liquidity_reserves is not alias-eligible because: canonical_untyped, fact_untyped.",true_provisional,pending,,,unknown,,monetary,,,unknown,,monetary,0.318,0.258,0.277,false
nestle_india_p103_1_fact_5,total settlement transaction amount,settlement_transaction_amount,"This includes a settlement loss of H 306.0 million (previous year nil) on the H 2,556.7 million settlement transaction with insurance service provider towards transferring the responsibility and administration for payment of defined pension benefits to existing pensioners effective 1st April 2024.",trade_spend,0.396,cost_per_unit,0.384,total_investment,0.379,true,false,true,canonical_untyped;fact_untyped,"Nearest canonical trade_spend is not alias-eligible because: canonical_untyped, fact_untyped.",true_provisional,pending,,,unknown,,monetary,,,unknown,,monetary,0.455,0.216,0.340,false
nestle_india_p103_2_fact_1,settlement loss,settlement_loss,"This includes a settlement loss of H 306.0 million (previous year nil) on the H 2,556.7 million settlement transaction with insurance service provider towards transferring the responsibility and administration for payment of defined pension benefits to existing pensioners effective 1st April 2024.",plastic_waste_collected,0.363,water_withdrawal,0.348,scope_2_emissions,0.347,false,false,true,canonical_untyped;fact_untyped;unit_mismatch,"Nearest canonical plastic_waste_collected is not alias-eligible because: canonical_untyped, fact_untyped, unit_mismatch.",true_provisional,pending,,,unknown,,unknown,,,unknown,,weight,0.283,0.286,0.280,false
nestle_india_p103_2_fact_2,settlement transaction,settlement_transaction,"This includes a settlement loss of H 306.0 million (previous year nil) on the H 2,556.7 million settlement transaction with insurance service provider towards transferring the responsibility and administration for payment of defined pension benefits to existing pensioners effective 1st April 2024.",transactions_growth,0.490,trade_spend,0.404,water_withdrawal,0.397,false,false,true,canonical_untyped;fact_untyped;unit_mismatch,"Nearest canonical transactions_growth is not alias-eligible because: canonical_untyped, fact_untyped, unit_mismatch.",true_provisional,pending,,,unknown,,unknown,,coverage,unknown,,percentage,0.447,0.564,0.647,false
nestle_india_p177_1_fact_10,Number of complaints pending resolution at close of the year from Customers,complaints_pending_resolution,"Customers Yes. Email: wecare@ in.nestle.com 8,376 0 - 5,338 0 -",complaint_resolution_rate,0.633,consumer_complaints,0.546,plastic_waste_collected,0.423,false,false,true,canonical_untyped;fact_untyped;unit_mismatch,"Nearest canonical complaint_resolution_rate is not alias-eligible because: canonical_untyped, fact_untyped, unit_mismatch.",true_provisional,pending,,count,unknown,,count,,,unknown,,percentage,0.618,0.760,0.481,false
nestle_india_p177_1_fact_11,Number of complaints filed during the year from Value Chain Partners,complaints_filed,Value Chain Partners Yes. Weblinks* 16 3 - 30 3 -,consumer_complaints,0.581,complaint_resolution_rate,0.548,plastic_waste_collected,0.426,true,true,true,fact_untyped,Nearest canonical consumer_complaints is not alias-eligible because: fact_untyped.,true_provisional,pending,,count,unknown,,count,product,count,unknown,,count,0.603,0.606,0.374,false
nestle_india_p177_1_fact_12,Number of complaints pending resolution at close of the year from Value Chain Partners,complaints_pending_resolution,Value Chain Partners Yes. Weblinks* 16 3 - 30 3 -,complaint_resolution_rate,0.628,consumer_complaints,0.542,plastic_waste_collected,0.420,false,false,true,canonical_untyped;fact_untyped;unit_mismatch,"Nearest canonical complaint_resolution_rate is not alias-eligible because: canonical_untyped, fact_untyped, unit_mismatch.",true_provisional,pending,,count,unknown,,count,,,unknown,,percentage,0.618,0.760,0.435,false
nestle_india_p177_1_fact_2,Number of complaints pending resolution at close of the year from Communities,complaints_pending_resolution,Communities Yes. Weblinks* 0 0 - 0 0 -,complaint_resolution_rate,0.632,consumer_complaints,0.546,plastic_waste_collected,0.422,false,false,true,canonical_untyped;fact_untyped;unit_mismatch,"Nearest canonical complaint_resolution_rate is not alias-eligible because: canonical_untyped, fact_untyped, unit_mismatch.",true_provisional,pending,,count,unknown,,count,,,unknown,,percentage,0.618,0.760,0.472,false
nestle_india_p177_1_fact_4,Number of complaints pending resolution at close of the year from Investors (other than shareholders),complaints_pending_resolution,Investors (other than shareholders) Yes. Weblinks* 0 0 - 0 0 -,complaint_resolution_rate,0.624,consumer_complaints,0.538,plastic_waste_collected,0.419,false,false,true,canonical_untyped;fact_untyped;unit_mismatch,"Nearest canonical complaint_resolution_rate is not alias-eligible because: canonical_untyped, fact_untyped, unit_mismatch.",true_provisional,pending,,count,unknown,,count,,,unknown,,percentage,0.618,0.760,0.391,false
nestle_india_p177_1_fact_5,Number of complaints filed during the year from Shareholders,complaints_filed,Shareholders Yes. Weblinks* 16 0 - 14 0 -,consumer_complaints,0.584,complaint_resolution_rate,0.550,plastic_waste_collected,0.428,true,true,true,fact_untyped,Nearest canonical consumer_complaints is not alias-eligible because: fact_untyped.,true_provisional,pending,,count,unknown,,count,product,count,unknown,,count,0.603,0.606,0.410,false
nestle_india_p177_1_fact_6,Number of complaints pending resolution at close of the year from Shareholders,complaints_pending_resolution,Shareholders Yes. Weblinks* 16 0 - 14 0 -,complaint_resolution_rate,0.631,consumer_complaints,0.545,plastic_waste_collected,0.424,false,false,true,canonical_untyped;fact_untyped;unit_mismatch,"Nearest canonical complaint_resolution_rate is not alias-eligible because: canonical_untyped, fact_untyped, unit_mismatch.",true_provisional,pending,,count,unknown,,count,,,unknown,,percentage,0.618,0.760,0.467,false
nestle_india_p177_1_fact_7,Number of complaints filed during the year from Employees and workers,complaints_filed,Employees and workers Yes. Weblinks* 17 5 - 29 3 -,consumer_complaints,0.580,complaint_resolution_rate,0.546,plastic_waste_collected,0.425,true,true,true,subject_mismatch,Nearest canonical consumer_complaints is not alias-eligible because: subject_mismatch.,do_not_promote,pending,employee,count,unknown,,count,product,count,unknown,,count,0.603,0.606,0.370,false
nestle_india_p177_1_fact_8,Number of complaints pending resolution at close of the year from Employees and workers,complaints_pending_resolution,Employees and workers Yes. Weblinks* 17 5 - 29 3 -,complaint_resolution_rate,0.628,consumer_complaints,0.542,plastic_waste_collected,0.421,false,false,true,canonical_untyped;unit_mismatch,"Nearest canonical complaint_resolution_rate is not alias-eligible because: canonical_untyped, unit_mismatch.",true_provisional,pending,employee,count,unknown,,count,,,unknown,,percentage,0.618,0.760,0.431,false
nestle_india_p177_1_fact_9,Number of complaints filed during the year from Customers,complaints_filed,"Customers Yes. Email: wecare@ in.nestle.com 8,376 0 - 5,338 0 -",consumer_complaints,0.586,complaint_resolution_rate,0.547,plastic_waste_collected,0.429,true,true,true,fact_untyped,Nearest canonical consumer_complaints is not alias-eligible because: fact_untyped.,true_provisional,pending,,count,unknown,,count,product,count,unknown,,count,0.603,0.606,0.425,false
nestle_india_p189_2_fact_1,inputs sourced sustainably,inputs_sourced_sustainably,"During the period under review, about 60-75%* of inputs were sourced sustainably.",commodity_certification_share,0.528,direct_farmer_sourcing,0.500,bio_based_fuel_share,0.410,true,false,true,fact_untyped,Nearest canonical commodity_certification_share is not alias-eligible because: fact_untyped.,true_provisional,pending,sourcing,,unknown,,percentage,sourcing,coverage,unknown,,percentage,0.630,0.235,0.400,false
nestle_india_p190_1_fact_2,recycled plastics share for secondary packaging,recycled_plastics_share_secondary_packaging,"Your Company encourages the use of recycled material wherever applicable e.g., 50% recycled plastics for secondary packaging for multipack coffee sachets and use of rPET jars for chocolates and confectionary.",recycled_plastic_content_share,0.731,recycled_content_in_packaging,0.682,plastic_packaging_recyclable_share,0.634,true,false,true,role_mismatch,Nearest canonical recycled_plastic_content_share is not alias-eligible because: role_mismatch.,true_provisional,pending,waste,consumption,consumed,,percentage,waste,intensity,ratio,,percentage,0.772,0.606,0.697,false
nestle_india_p190_1_fact_4,EPR target assigned by Central Pollution Control Board,epr_target_assigned,"Your Company responsibly managed ~25,600 MT of plastic packaging consumed vis-a-vis ~23,000 MT i.e. EPR target assigned by Central Pollution Control Board as a part of our commitment under Extended Producers’ Responsibility (EPR).",epr_compliance_rate,0.804,plastic_waste_collected,0.689,post_consumer_plastic_recycled,0.644,false,false,true,unit_mismatch;role_mismatch,"Nearest canonical epr_compliance_rate is not alias-eligible because: unit_mismatch, role_mismatch.",standard_mapping_candidate,pending,waste,consumption,consumed,,unknown,waste,coverage,unknown,,percentage,1.000,0.294,0.447,false
nestle_india_p190_1_fact_5,plastic packaging collection network,plastic_packaging_collection_network,"Our Collection network spans across 35 States and Union Territories of India, and with our waste management partners, we have collected and processed ~25,600 MT of plastic packaging vis-a-vis ~23,000 MT i.e. EPR target assigned by Central Pollution Control Board.",plastic_waste_collected,0.683,plastic_packaging_consumed,0.587,plastic_packaging_recyclable_share,0.555,false,false,true,canonical_untyped;fact_untyped;unit_mismatch,"Nearest canonical plastic_waste_collected is not alias-eligible because: canonical_untyped, fact_untyped, unit_mismatch.",standard_mapping_candidate,pending,waste,,unknown,,unknown,,,unknown,,weight,0.605,0.593,0.610,false
nestle_india_p190_1_fact_6,years since Plastic Neutrality achieved,plastic_neutrality_years_since_achievement,Your Company achieved Plastic Neutrality in 2020 and continues to be plastic neutral in 2023 through CPCB approved vendors and appropriate channels.,consecutive_dividend_years,0.263,training_hours_per_employee,0.249,order_fulfillment_time,0.247,true,false,true,canonical_untyped,Nearest canonical consecutive_dividend_years is not alias-eligible because: canonical_untyped.,standard_mapping_candidate,pending,waste,consumption,consumed,,duration,,,unknown,,duration,0.237,0.290,0.394,false
nestle_india_p193_1_fact_1,No. of employees covered as a % of total employees,employees_coverage_percentage,PF 100% 100% Y 100% 100% Y Gratuity 100% 100% Y 100% 100% NA ESI - 6% Y - 6% Y Others – please specify - - - - - -,employee_training_coverage,0.575,distribution_coverage_growth,0.535,female_workforce_share,0.527,true,true,true,,Nearest canonical employee_training_coverage is not alias-eligible because: unknown.,do_not_promote,pending,employee,coverage,unknown,,percentage,employee,coverage,unknown,,percentage,0.564,0.627,0.545,false
nestle_india_p193_1_fact_14,No. of employees covered as a % of total employees,employees_coverage_percentage,ESI - 6% Y - 6% Y,employee_training_coverage,0.575,distribution_coverage_growth,0.535,female_workforce_share,0.527,true,true,true,,Nearest canonical employee_training_coverage is not alias-eligible because: unknown.,do_not_promote,pending,employee,coverage,unknown,,percentage,employee,coverage,unknown,,percentage,0.564,0.627,0.545,false
nestle_india_p193_1_fact_8,Return to Work Rate Male Permanent Employees,return_to_work_rate,Male 100% 100% 100% 100% Female 100% 100% 100% 100% Total 100% 100% 100% 100%,employee_turnover_rate,0.527,return_on_capital_employed,0.507,lost_time_injury_frequency_rate,0.475,true,false,true,canonical_untyped,Nearest canonical employee_turnover_rate is not alias-eligible because: canonical_untyped.,true_provisional,pending,employee,count,unknown,,percentage,,,unknown,,percentage,0.465,0.611,0.790,false
nestle_india_p195_1_fact_1,courses,courses,"10,000+ courses, certifications with top institutes, constantly-evolving content, no-limits on courses and seats etc.",training_hours,0.474,plastic_waste_collected,0.383,store_count,0.376,false,false,true,canonical_untyped;fact_untyped;unit_mismatch,"Nearest canonical training_hours is not alias-eligible because: canonical_untyped, fact_untyped, unit_mismatch.",true_provisional,pending,,count,unknown,,unknown,,,unknown,,count,0.508,0.400,0.381,false
nestle_india_p195_1_fact_10,On Health and Safety Measures Employees - Female,health_and_safety_measures_employees_female,"- Female 1,009 636 63% 719 71.2% 859 859 100% 838 98%",employee_training_coverage,0.464,female_workforce_share,0.451,safe_working_hours,0.441,false,true,true,unit_mismatch,Nearest canonical employee_training_coverage is not alias-eligible because: unit_mismatch.,do_not_promote,pending,employee,coverage,unknown,,count,employee,coverage,unknown,,percentage,0.510,0.355,0.359,false
nestle_india_p195_1_fact_11,On Skill Upgradation Employees - Female,skill_upgradation_employees_female,"- Female 1,009 636 63% 719 71.2% 859 859 100% 838 98%",employee_training_coverage,0.494,training_hours_per_employee,0.459,female_workforce_share,0.448,false,false,true,unit_mismatch;role_mismatch,"Nearest canonical employee_training_coverage is not alias-eligible because: unit_mismatch, role_mismatch.",true_provisional,pending,employee,count,unknown,,count,employee,coverage,unknown,,percentage,0.534,0.400,0.406,false
nestle_india_p195_1_fact_12,Employees Total,employees_total,"Total 3,980 2,589 65% 2,944 73.9% 3,580 3,580 100% 3,477 97%",employee_headcount,0.582,female_workforce_share,0.520,employee_turnover_rate,0.475,true,true,true,,Nearest canonical employee_headcount is not alias-eligible because: unknown.,do_not_promote,pending,employee,count,unknown,,count,employee,count,unknown,,count,0.579,0.581,0.606,false
nestle_india_p195_1_fact_13,On Health and Safety Measures Employees Total,health_and_safety_measures_employees_total,"Total 3,980 2,589 65% 2,944 73.9% 3,580 3,580 100% 3,477 97%",employee_training_coverage,0.451,employee_headcount,0.440,safety_incidents,0.433,false,true,true,unit_mismatch,Nearest canonical employee_training_coverage is not alias-eligible because: unit_mismatch.,do_not_promote,pending,employee,coverage,unknown,,count,employee,coverage,unknown,,percentage,0.485,0.361,0.395,false
nestle_india_p195_1_fact_14,On Skill Upgradation Employees Total,skill_upgradation_employees_total,"Total 3,980 2,589 65% 2,944 73.9% 3,580 3,580 100% 3,477 97%",training_hours_per_employee,0.487,employee_training_coverage,0.485,employee_headcount,0.428,false,false,true,canonical_untyped;unit_mismatch,"Nearest canonical training_hours_per_employee is not alias-eligible because: canonical_untyped, unit_mismatch.",true_provisional,pending,employee,count,unknown,,count,,,unknown,,duration,0.509,0.444,0.413,false
nestle_india_p195_1_fact_16,On Health and Safety Measures Employees Total,health_and_safety_measures_employees_total,"Total 3,980 2,589 65% 2,944 73.9% 3,580 3,580 100% 3,477 97%",employee_training_coverage,0.451,employee_headcount,0.440,safety_incidents,0.433,false,true,true,unit_mismatch,Nearest canonical employee_training_coverage is not alias-eligible because: unit_mismatch.,do_not_promote,pending,employee,coverage,unknown,,count,employee,coverage,unknown,,percentage,0.485,0.361,0.395,false
nestle_india_p195_1_fact_17,On Skill Upgradation Employees Total,skill_upgradation_employees_total,"Total 3,980 2,589 65% 2,944 73.9% 3,580 3,580 100% 3,477 97%",training_hours_per_employee,0.487,employee_training_coverage,0.485,employee_headcount,0.428,false,false,true,canonical_untyped;unit_mismatch,"Nearest canonical training_hours_per_employee is not alias-eligible because: canonical_untyped, unit_mismatch.",true_provisional,pending,employee,count,unknown,,count,,,unknown,,duration,0.509,0.444,0.413,false
nestle_india_p195_1_fact_18,Workers - Male,workers_male,"Workers - Male 4,530 4,101 91% 2,976 65.7% 4,346 3,023 70% 2,114 49%",worker_headcount,0.547,safe_working_hours,0.481,female_workforce_share,0.465,true,true,true,,Nearest canonical worker_headcount is not alias-eligible because: unknown.,do_not_promote,pending,employee,count,unknown,,count,employee,count,unknown,,count,0.549,0.538,0.552,false
nestle_india_p195_1_fact_19,On Health and Safety Measures Workers - Male,health_and_safety_measures_workers_male,"Workers - Male 4,530 4,101 91% 2,976 65.7% 4,346 3,023 70% 2,114 49%",safe_working_hours,0.497,safety_incidents,0.437,safety_fatalities,0.421,true,false,true,canonical_untyped,Nearest canonical safe_working_hours is not alias-eligible because: canonical_untyped.,true_provisional,pending,worker,coverage,unknown,,count,,,unknown,,count,0.538,0.400,0.406,false
nestle_india_p195_1_fact_2,Employees - Male,employees_male,"Employees - Male 2,971 1,953 66% 2,225 74.9% 2,721 2,721 100% 2,639 97%",employee_headcount,0.541,employee_turnover_rate,0.489,female_workforce_share,0.473,true,true,true,,Nearest canonical employee_headcount is not alias-eligible because: unknown.,do_not_promote,pending,employee,count,unknown,,count,employee,count,unknown,,count,0.515,0.600,0.606,false
nestle_india_p195_1_fact_20,On Skill Upgradation Workers - Male,skill_upgradation_workers_male,"Workers - Male 4,530 4,101 91% 2,976 65.7% 4,346 3,023 70% 2,114 49%",employee_training_coverage,0.432,training_hours_per_employee,0.414,worker_headcount,0.404,false,false,true,unit_mismatch;subject_mismatch;role_mismatch,"Nearest canonical employee_training_coverage is not alias-eligible because: unit_mismatch, subject_mismatch, role_mismatch.",true_provisional,pending,worker,count,unknown,,count,employee,coverage,unknown,,percentage,0.469,0.353,0.333,false
nestle_india_p195_1_fact_21,Workers - Male,workers_male,"Workers - Male 4,530 4,101 91% 2,976 65.7% 4,346 3,023 70% 2,114 49%",worker_headcount,0.547,safe_working_hours,0.481,female_workforce_share,0.465,true,true,true,,Nearest canonical worker_headcount is not alias-eligible because: unknown.,do_not_promote,pending,employee,count,unknown,,count,employee,count,unknown,,count,0.549,0.538,0.552,false
nestle_india_p195_1_fact_22,On Health and Safety Measures Workers - Male,health_and_safety_measures_workers_male,"Workers - Male 4,530 4,101 91% 2,976 65.7% 4,346 3,023 70% 2,114 49%",safe_working_hours,0.497,safety_incidents,0.437,safety_fatalities,0.421,true,false,true,canonical_untyped,Nearest canonical safe_working_hours is not alias-eligible because: canonical_untyped.,true_provisional,pending,worker,coverage,unknown,,count,,,unknown,,count,0.538,0.400,0.406,false
nestle_india_p195_1_fact_23,On Skill Upgradation Workers - Male,skill_upgradation_workers_male,"Workers - Male 4,530 4,101 91% 2,976 65.7% 4,346 3,023 70% 2,114 49%",employee_training_coverage,0.432,training_hours_per_employee,0.414,worker_headcount,0.404,false,false,true,unit_mismatch;subject_mismatch;role_mismatch,"Nearest canonical employee_training_coverage is not alias-eligible because: unit_mismatch, subject_mismatch, role_mismatch.",true_provisional,pending,worker,count,unknown,,count,employee,coverage,unknown,,percentage,0.469,0.353,0.333,false
nestle_india_p195_1_fact_24,Workers - Female,workers_female,- Female 226 223 99% 113 50.0% 191 153 80% 23 12%,worker_headcount,0.541,female_workforce_share,0.528,safe_working_hours,0.478,true,true,true,,Nearest canonical worker_headcount is not alias-eligible because: unknown.,do_not_promote,pending,employee,count,unknown,,count,employee,count,unknown,,count,0.527,0.571,0.581,false
nestle_india_p195_1_fact_25,On Health and Safety Measures Workers - Female,health_and_safety_measures_workers_female,- Female 226 223 99% 113 50.0% 191 153 80% 23 12%,safe_working_hours,0.489,safety_incidents,0.436,employee_training_coverage,0.428,true,false,true,canonical_untyped,Nearest canonical safe_working_hours is not alias-eligible because: canonical_untyped.,true_provisional,pending,worker,coverage,unknown,,count,,,unknown,,count,0.532,0.385,0.394,false
nestle_india_p195_1_fact_26,On Skill Upgradation Workers - Female,skill_upgradation_workers_female,- Female 226 223 99% 113 50.0% 191 153 80% 23 12%,female_workforce_share,0.420,employee_training_coverage,0.409,training_hours_per_employee,0.407,false,false,true,canonical_untyped;unit_mismatch,"Nearest canonical female_workforce_share is not alias-eligible because: canonical_untyped, unit_mismatch.",true_provisional,pending,worker,count,unknown,,count,,,unknown,,percentage,0.472,0.245,0.407,false
nestle_india_p195_1_fact_27,Workers - Female,workers_female,- Female 226 223 99% 113 50.0% 191 153 80% 23 12%,worker_headcount,0.550,female_workforce_share,0.502,safe_working_hours,0.459,true,true,true,subject_mismatch,Nearest canonical worker_headcount is not alias-eligible because: subject_mismatch.,do_not_promote,pending,worker,count,unknown,,count,employee,count,unknown,,count,0.540,0.571,0.581,false
nestle_india_p195_1_fact_28,On Health and Safety Measures Workers - Female,health_and_safety_measures_workers_female,- Female 226 223 99% 113 50.0% 191 153 80% 23 12%,safe_working_hours,0.467,safety_incidents,0.430,employee_training_coverage,0.419,true,false,true,canonical_untyped,Nearest canonical safe_working_hours is not alias-eligible because: canonical_untyped.,true_provisional,pending,worker,coverage,unknown,,count,,,unknown,,count,0.500,0.385,0.394,false
nestle_india_p195_1_fact_29,On Skill Upgradation Workers - Female,skill_upgradation_workers_female,- Female 226 223 99% 113 50.0% 191 153 80% 23 12%,female_workforce_share,0.420,employee_training_coverage,0.409,training_hours_per_employee,0.407,false,false,true,canonical_untyped;unit_mismatch,"Nearest canonical female_workforce_share is not alias-eligible because: canonical_untyped, unit_mismatch.",true_provisional,pending,worker,count,unknown,,count,,,unknown,,percentage,0.472,0.245,0.407,false
nestle_india_p195_1_fact_30,Workers Total,workers_total,"Total 4,756 4,324 91% 3,089 64.9% 4,537 3,176 70% 2,137 47%",worker_headcount,0.572,union_representation_rate,0.483,water_withdrawal,0.480,true,true,true,subject_mismatch,Nearest canonical worker_headcount is not alias-eligible because: subject_mismatch.,do_not_promote,pending,worker,count,unknown,,count,employee,count,unknown,,count,0.590,0.519,0.552,false
nestle_india_p195_1_fact_31,On Health and Safety Measures Workers Total,health_and_safety_measures_workers_total,"Total 4,756 4,324 91% 3,089 64.9% 4,537 3,176 70% 2,137 47%",safe_working_hours,0.474,female_workforce_share,0.430,safety_incidents,0.428,true,false,true,canonical_untyped,Nearest canonical safe_working_hours is not alias-eligible because: canonical_untyped.,true_provisional,pending,worker,coverage,unknown,,count,,,unknown,,count,0.507,0.392,0.406,false
nestle_india_p195_1_fact_32,On Skill Upgradation Workers Total,skill_upgradation_workers_total,"Total 4,756 4,324 91% 3,089 64.9% 4,537 3,176 70% 2,137 47%",market_share_change,0.432,overall_equipment_effectiveness,0.431,worker_headcount,0.413,false,false,true,canonical_untyped;unit_mismatch;role_mismatch,"Nearest canonical market_share_change is not alias-eligible because: canonical_untyped, unit_mismatch, role_mismatch.",true_provisional,pending,worker,count,unknown,,count,,coverage,unknown,,percentage_points,0.502,0.267,0.275,false
nestle_india_p195_1_fact_33,Workers Total,workers_total,"Total 4,756 4,324 91% 3,089 64.9% 4,537 3,176 70% 2,137 47%",worker_headcount,0.572,union_representation_rate,0.483,water_withdrawal,0.480,true,true,true,subject_mismatch,Nearest canonical worker_headcount is not alias-eligible because: subject_mismatch.,do_not_promote,pending,worker,count,unknown,,count,employee,count,unknown,,count,0.590,0.519,0.552,false
nestle_india_p195_1_fact_34,On Health and Safety Measures Workers Total,health_and_safety_measures_workers_total,"Total 4,756 4,324 91% 3,089 64.9% 4,537 3,176 70% 2,137 47%",safe_working_hours,0.474,female_workforce_share,0.430,safety_incidents,0.428,true,false,true,canonical_untyped,Nearest canonical safe_working_hours is not alias-eligible because: canonical_untyped.,true_provisional,pending,worker,coverage,unknown,,count,,,unknown,,count,0.507,0.392,0.406,false
nestle_india_p195_1_fact_35,On Skill Upgradation Workers Total,skill_upgradation_workers_total,"Total 4,756 4,324 91% 3,089 64.9% 4,537 3,176 70% 2,137 47%",market_share_change,0.432,overall_equipment_effectiveness,0.431,worker_headcount,0.413,false,false,true,canonical_untyped;unit_mismatch;role_mismatch,"Nearest canonical market_share_change is not alias-eligible because: canonical_untyped, unit_mismatch, role_mismatch.",true_provisional,pending,worker,count,unknown,,count,,coverage,unknown,,percentage_points,0.502,0.267,0.275,false
nestle_india_p195_1_fact_38,Employees - Male,employees_male,"Employees - Male 2,971 2,970 100% 2,721 2,721 100%",employee_headcount,0.539,employee_turnover_rate,0.497,female_workforce_share,0.489,true,true,true,,Nearest canonical employee_headcount is not alias-eligible because: unknown.,do_not_promote,pending,employee,count,unknown,,count,employee,count,unknown,,count,0.512,0.600,0.606,false
nestle_india_p195_1_fact_4,On Skill Upgradation Employees - Male,skill_upgradation_employees_male,"Employees - Male 2,971 1,953 66% 2,225 74.9% 2,721 2,721 100% 2,639 97%",employee_training_coverage,0.471,training_hours_per_employee,0.470,loyalty_program_active_members,0.407,false,false,true,unit_mismatch;role_mismatch,"Nearest canonical employee_training_coverage is not alias-eligible because: unit_mismatch, role_mismatch.",true_provisional,pending,employee,count,unknown,,count,employee,coverage,unknown,,percentage,0.505,0.377,0.418,false
nestle_india_p195_1_fact_41,Employees - Female,employees_female,"Employees - Female 1,009 636 63% 719 71.2% 859 859 100% 838 98%",female_workforce_share,0.551,employee_headcount,0.542,employee_turnover_rate,0.502,false,false,true,canonical_untyped;unit_mismatch,"Nearest canonical female_workforce_share is not alias-eligible because: canonical_untyped, unit_mismatch.",true_provisional,pending,employee,count,unknown,,count,,,unknown,,percentage,0.613,0.343,0.526,false
nestle_india_p195_1_fact_42,Employees - Female,employees_female,"Employees - Female 1,009 636 63% 719 71.2% 859 859 100% 838 98%",female_workforce_share,0.551,employee_headcount,0.542,employee_turnover_rate,0.502,false,false,true,canonical_untyped;unit_mismatch,"Nearest canonical female_workforce_share is not alias-eligible because: canonical_untyped, unit_mismatch.",true_provisional,pending,employee,count,unknown,,count,,,unknown,,percentage,0.613,0.343,0.526,false
nestle_india_p195_1_fact_5,On Health and Safety Measures Employees - Male,health_and_safety_measures_employees_male,"Employees - Male 2,971 1,953 66% 2,225 74.9% 2,721 2,721 100% 2,639 97%",safe_working_hours,0.448,employee_training_coverage,0.447,safety_incidents,0.435,true,false,true,canonical_untyped,Nearest canonical safe_working_hours is not alias-eligible because: canonical_untyped.,true_provisional,pending,employee,coverage,unknown,,count,,,unknown,,count,0.519,0.269,0.310,false
nestle_india_p195_1_fact_6,On Skill Upgradation Employees - Male,skill_upgradation_employees_male,"Employees - Male 2,971 1,953 66% 2,225 74.9% 2,721 2,721 100% 2,639 97%",employee_training_coverage,0.471,training_hours_per_employee,0.470,loyalty_program_active_members,0.407,false,false,true,unit_mismatch;role_mismatch,"Nearest canonical employee_training_coverage is not alias-eligible because: unit_mismatch, role_mismatch.",true_provisional,pending,employee,count,unknown,,count,employee,coverage,unknown,,percentage,0.505,0.377,0.418,false
nestle_india_p195_1_fact_7,Employees - Female,employees_female,"- Female 1,009 636 63% 719 71.2% 859 859 100% 838 98%",employee_headcount,0.564,female_workforce_share,0.557,employee_turnover_rate,0.517,true,true,true,,Nearest canonical employee_headcount is not alias-eligible because: unknown.,do_not_promote,pending,employee,count,unknown,,count,employee,count,unknown,,count,0.538,0.625,0.629,false
nestle_india_p195_1_fact_8,On Health and Safety Measures Employees - Female,health_and_safety_measures_employees_female,"- Female 1,009 636 63% 719 71.2% 859 859 100% 838 98%",employee_training_coverage,0.464,female_workforce_share,0.451,safe_working_hours,0.441,false,true,true,unit_mismatch,Nearest canonical employee_training_coverage is not alias-eligible because: unit_mismatch.,do_not_promote,pending,employee,coverage,unknown,,count,employee,coverage,unknown,,percentage,0.510,0.355,0.359,false
nestle_india_p195_1_fact_9,On Skill Upgradation Employees - Female,skill_upgradation_employees_female,"- Female 1,009 636 63% 719 71.2% 859 859 100% 838 98%",employee_training_coverage,0.494,training_hours_per_employee,0.459,female_workforce_share,0.448,false,false,true,unit_mismatch;role_mismatch,"Nearest canonical employee_training_coverage is not alias-eligible because: unit_mismatch, role_mismatch.",true_provisional,pending,employee,count,unknown,,count,employee,coverage,unknown,,percentage,0.534,0.400,0.406,false
nestle_india_p199_1_fact_1,Health and safety practices assessed,health_and_safety_practices_assessed,% of your Plants and Offices that were Assessed (by entity or Statutory Authorities or Third Parties) Health and safety practices 100% Working Conditions 100%,planned_maintenance_compliance,0.354,overall_equipment_effectiveness,0.353,employee_training_coverage,0.345,true,false,true,canonical_untyped,Nearest canonical planned_maintenance_compliance is not alias-eligible because: canonical_untyped.,true_provisional,pending,safety,count,unknown,,percentage,,,unknown,,percentage,0.345,0.367,0.394,false
nestle_india_p203_2_fact_12,Employees Other than permanent covered %,employees_other_than_permanent_covered_percent,Other than permanent 220 20 9% 299 120 40%,employee_training_coverage,0.555,employee_turnover_rate,0.544,female_workforce_share,0.519,true,true,true,,Nearest canonical employee_training_coverage is not alias-eligible because: unknown.,do_not_promote,pending,employee,coverage,unknown,,percentage,employee,coverage,unknown,,percentage,0.537,0.585,0.625,false
nestle_india_p203_2_fact_15,Employees covered %,employees_covered_percent,"Total Employees 4,200 2,628 63% 3,879 3,555 92%",employee_training_coverage,0.606,employee_turnover_rate,0.565,female_workforce_share,0.537,true,true,true,,Nearest canonical employee_training_coverage is not alias-eligible because: unknown.,do_not_promote,pending,employee,coverage,unknown,,percentage,employee,coverage,unknown,,percentage,0.590,0.596,0.739,false
nestle_india_p203_2_fact_18,Employees covered %,employees_covered_percent,"Total Employees 4,200 2,628 63% 3,879 3,555 92%",employee_training_coverage,0.606,employee_turnover_rate,0.565,female_workforce_share,0.537,true,true,true,,Nearest canonical employee_training_coverage is not alias-eligible because: unknown.,do_not_promote,pending,employee,coverage,unknown,,percentage,employee,coverage,unknown,,percentage,0.590,0.596,0.739,false
nestle_india_p203_2_fact_3,Employees Permanent covered %,employees_permanent_covered_percent,"Employees Permanent 3,980 2,608 66% 3,580 3,435 96%",employee_training_coverage,0.598,female_workforce_share,0.559,employee_turnover_rate,0.549,true,true,true,,Nearest canonical employee_training_coverage is not alias-eligible because: unknown.,do_not_promote,pending,employee,coverage,unknown,,percentage,employee,coverage,unknown,,percentage,0.562,0.643,0.755,false
nestle_india_p203_2_fact_6,Employees Permanent covered %,employees_permanent_covered_percent,"Employees Permanent 3,980 2,608 66% 3,580 3,435 96%",employee_training_coverage,0.598,female_workforce_share,0.559,employee_turnover_rate,0.549,true,true,true,,Nearest canonical employee_training_coverage is not alias-eligible because: unknown.,do_not_promote,pending,employee,coverage,unknown,,percentage,employee,coverage,unknown,,percentage,0.562,0.643,0.755,false
nestle_india_p203_2_fact_9,Employees Other than permanent covered %,employees_other_than_permanent_covered_percent,Other than permanent 220 20 9% 299 120 40%,employee_training_coverage,0.555,employee_turnover_rate,0.544,female_workforce_share,0.519,true,true,true,,Nearest canonical employee_training_coverage is not alias-eligible because: unknown.,do_not_promote,pending,employee,coverage,unknown,,percentage,employee,coverage,unknown,,percentage,0.537,0.585,0.625,false
nestle_india_p209_1_fact_13,Factories invested in water reducing/recycling projects,factories_invested_in_water_reducing_recycling_projects,"Your Company has invested in 3 factories (Nanjangud, Samalkha and Moga) in water reducing/recycling projects to optimize further the ground water withdrawal enabling an overall reduction in water intensity by 8.3%.",water_conservation_investment,0.506,water_recycling_rate,0.483,water_neutral_facility_count,0.479,false,false,true,unit_mismatch;role_mismatch,"Nearest canonical water_conservation_investment is not alias-eligible because: unit_mismatch, role_mismatch.",standard_mapping_candidate,pending,water,withdrawal,input,,unknown,water,investment,input,,monetary,0.577,0.342,0.340,false
nestle_india_p209_1_fact_14,Reduction in water intensity,water_intensity,"Your Company has invested in 3 factories (Nanjangud, Samalkha and Moga) in water reducing/recycling projects to optimize further the ground water withdrawal enabling an overall reduction in water intensity by 8.3%.",water_consumption_intensity,0.731,water_intensity_physical_output,0.649,crop_water_use_efficiency,0.592,false,false,false,unit_mismatch;role_mismatch;denominator_mismatch,"Nearest canonical water_consumption_intensity is not alias-eligible because: unit_mismatch, role_mismatch, denominator_mismatch.",standard_mapping_candidate,pending,water,withdrawal,input,,percentage,water,consumption,consumed,production,per_unit,0.739,0.718,0.698,false
nestle_india_p209_1_fact_17,Water discharge sent to third-parties with treatment,water_discharge_sent_to_third_parties_with_treatment,"Water discharge by destination and level of treatment (in kiloliters) (iv) Sent to third-parties - No treatment 0 0 - With treatment  please specify level of Treatment 123,975 71,757",water_discharged_surface_treated,0.691,water_discharged_total,0.646,water_withdrawal,0.581,true,false,true,fact_untyped,Nearest canonical water_discharged_surface_treated is not alias-eligible because: fact_untyped.,standard_mapping_candidate,pending,water,,unknown,,volume,water,discharge,output,,volume,0.713,0.595,0.735,false
nestle_india_p209_1_fact_18,Water discharge sent to third-parties with treatment,water_discharge_sent_to_third_parties_with_treatment,"Water discharge by destination and level of treatment (in kiloliters) (iv) Sent to third-parties - No treatment 0 0 - With treatment  please specify level of Treatment 123,975 71,757",water_discharged_surface_treated,0.691,water_discharged_total,0.646,water_withdrawal,0.581,true,false,true,fact_untyped,Nearest canonical water_discharged_surface_treated is not alias-eligible because: fact_untyped.,standard_mapping_candidate,pending,water,,unknown,,volume,water,discharge,output,,volume,0.713,0.595,0.735,false
nestle_india_p210_1_fact_1,NOx,NOx,"Parameter Please Specify Unit 15 Months FY ended 31st March 2024 (Jan 2023 to March 2024) FY 2022 (Jan 2022 to Dec 2022) NOx kgSOxe 383,882 319,726",nox_emissions_absolute,0.640,sox_emissions_absolute,0.529,scope_3_emissions,0.356,false,true,true,unit_mismatch,Nearest canonical nox_emissions_absolute is not alias-eligible because: unit_mismatch.,do_not_promote,pending,emissions,generation,output,,unknown,emissions,generation,output,,weight,0.697,0.261,1.000,false
nestle_india_p210_1_fact_15,Scope 2 emissions including IRECs Net,scope_2_emissions_including_IRECs_net,Scope 2 emissions including IRECs: 15 Months FY ended 31st March 2024: Net: 0 Metric ton of CO2 Equivalent,scope_2_emissions,0.957,scope_3_emissions_absolute,0.714,combined_scope_1_2_emissions,0.657,true,false,false,role_mismatch;denominator_mismatch,"Nearest canonical scope_2_emissions is not alias-eligible because: role_mismatch, denominator_mismatch.",standard_mapping_candidate,pending,emissions,intensity,ratio,production,weight,emissions,generation,output,,weight,0.552,0.638,0.630,false
nestle_india_p210_1_fact_16,Scope 2 emissions including IRECs Net,scope_2_emissions_including_IRECs_net,"Scope 2 emissions including IRECs: 2022: Net: 1,571 Metric ton of CO2 Equivalent",scope_2_emissions,0.957,scope_3_emissions_absolute,0.714,combined_scope_1_2_emissions,0.657,true,false,false,role_mismatch;denominator_mismatch,"Nearest canonical scope_2_emissions is not alias-eligible because: role_mismatch, denominator_mismatch.",standard_mapping_candidate,pending,emissions,intensity,ratio,production,weight,emissions,generation,output,,weight,0.552,0.638,0.630,false
nestle_india_p210_1_fact_2,NOx,NOx,"Parameter Please Specify Unit 15 Months FY ended 31st March 2024 (Jan 2023 to March 2024) FY 2022 (Jan 2022 to Dec 2022) NOx kgSOxe 383,882 319,726",nox_emissions_absolute,0.640,sox_emissions_absolute,0.529,scope_3_emissions,0.356,false,true,true,unit_mismatch,Nearest canonical nox_emissions_absolute is not alias-eligible because: unit_mismatch.,do_not_promote,pending,emissions,generation,output,,unknown,emissions,generation,output,,weight,0.697,0.261,1.000,false
nestle_india_p210_1_fact_7,Total Scope 2 emissions Gross,scope_2_greenhouse_gas_emissions,"Total Scope 2 emissions (Break-up of the GHG into CO2, CH4, N2O, HFCs, PFCs, SF6, NF3 if available) Metric ton of CO2 Equivalent Gross:151,936 Gross: 128,646",scope_2_emissions,0.997,scope_3_emissions_absolute,0.894,combined_scope_1_2_emissions,0.706,true,false,true,fact_untyped,Nearest canonical scope_2_emissions is not alias-eligible because: fact_untyped.,standard_mapping_candidate,pending,emissions,,unknown,,weight,emissions,generation,output,,weight,0.577,0.698,0.739,false
nestle_india_p210_1_fact_8,Total Scope 2 emissions Gross,scope_2_greenhouse_gas_emissions,"Total Scope 2 emissions (Break-up of the GHG into CO2, CH4, N2O, HFCs, PFCs, SF6, NF3 if available) Metric ton of CO2 Equivalent Gross:151,936 Gross: 128,646",scope_2_emissions,0.997,scope_3_emissions_absolute,0.894,combined_scope_1_2_emissions,0.706,true,false,true,fact_untyped,Nearest canonical scope_2_emissions is not alias-eligible because: fact_untyped.,standard_mapping_candidate,pending,emissions,,unknown,,weight,emissions,generation,output,,weight,0.577,0.698,0.739,false
nestle_india_p210_2_fact_1,specific GHG emission excluding International Renewable Energy Certificates (IRECs),ghg_emission,"As a result, in 15 Months FY ended 31st March 2024 specific GHG emission reduced from 538 KgCO2eq per ton to 510 KgCO2eq per ton which is excluding International Renewable Energy Certificates (IRECs) purchased for electricity consumption, a reduction of 5.2%.",ghg_emissions_avoided,0.587,combined_scope_1_2_emissions_intensity,0.555,scope_3_emissions_intensity,0.550,true,false,false,subject_mismatch;role_mismatch;denominator_mismatch,"Nearest canonical ghg_emissions_avoided is not alias-eligible because: subject_mismatch, role_mismatch, denominator_mismatch.",standard_mapping_candidate,pending,energy,consumption,consumed,production,weight,emissions,avoidance,avoided,,weight,0.585,0.733,0.314,false
nestle_india_p210_2_fact_2,specific GHG emission excluding International Renewable Energy Certificates (IRECs) reduction,ghg_emission,"As a result, in 15 Months FY ended 31st March 2024 specific GHG emission reduced from 538 KgCO2eq per ton to 510 KgCO2eq per ton which is excluding International Renewable Energy Certificates (IRECs) purchased for electricity consumption, a reduction of 5.2%.",ghg_emissions_intensity,0.620,ghg_emissions_avoided,0.609,scope_3_emissions_absolute,0.606,true,false,true,subject_mismatch;role_mismatch,"Nearest canonical ghg_emissions_intensity is not alias-eligible because: subject_mismatch, role_mismatch.",standard_mapping_candidate,pending,energy,consumption,consumed,production,percentage,emissions,intensity,ratio,production,percentage,0.639,0.688,0.351,false
nestle_india_p210_2_fact_3,specific GHG emission including International Renewable Energy Certificates (IRECs),ghg_emission,"Including IRECs, GHG emission reduced from 325 KgCO2eq per ton to 306 KgCO2eq per ton, a reduction of 5.85%.",ghg_emissions_avoided,0.564,combined_scope_1_2_emissions_intensity,0.548,scope_3_emissions_intensity,0.545,true,false,false,subject_mismatch;role_mismatch;denominator_mismatch,"Nearest canonical ghg_emissions_avoided is not alias-eligible because: subject_mismatch, role_mismatch, denominator_mismatch.",standard_mapping_candidate,pending,energy,intensity,ratio,production,weight,emissions,avoidance,avoided,,weight,0.551,0.733,0.314,false
nestle_india_p210_2_fact_4,specific GHG emission including International Renewable Energy Certificates (IRECs) reduction,ghg_emission,"Including IRECs, GHG emission reduced from 325 KgCO2eq per ton to 306 KgCO2eq per ton, a reduction of 5.85%.",ghg_emissions_intensity,0.620,ghg_emissions_avoided,0.609,scope_3_emissions_absolute,0.606,true,false,true,subject_mismatch;role_mismatch,"Nearest canonical ghg_emissions_intensity is not alias-eligible because: subject_mismatch, role_mismatch.",standard_mapping_candidate,pending,energy,generation,output,production,percentage,emissions,intensity,ratio,production,percentage,0.639,0.688,0.351,false
nestle_india_p211_1_fact_10,Battery waste,battery_waste,Battery waste (E) 22,waste_generated,0.562,plastic_waste_collected,0.537,e_waste_generated,0.479,true,true,true,,Nearest canonical waste_generated passed the semantic gate; alias requires human approval.,standard_mapping_candidate,pending,waste,generation,output,,weight,waste,generation,output,,weight,0.468,0.385,0.769,false
nestle_india_p211_1_fact_11,Battery waste,battery_waste,Battery waste (E) 14,waste_generated,0.562,plastic_waste_collected,0.537,e_waste_generated,0.479,true,true,true,,Nearest canonical waste_generated passed the semantic gate; alias requires human approval.,standard_mapping_candidate,pending,waste,generation,output,,weight,waste,generation,output,,weight,0.468,0.385,0.769,false
nestle_india_p211_1_fact_14,Other Hazardous waste,other_hazardous_waste,"Other Hazardous waste. Please specify, if any. (G) 297",waste_generated,0.542,plastic_waste_collected,0.473,construction_demolition_waste,0.448,true,true,true,,Nearest canonical waste_generated passed the semantic gate; alias requires human approval.,standard_mapping_candidate,pending,waste,generation,output,,weight,waste,generation,output,,weight,0.493,0.303,0.562,false
nestle_india_p211_1_fact_15,Other Hazardous waste,other_hazardous_waste,"Other Hazardous waste. Please specify, if any. (G) 36",waste_generated,0.542,plastic_waste_collected,0.473,construction_demolition_waste,0.448,true,true,true,,Nearest canonical waste_generated passed the semantic gate; alias requires human approval.,standard_mapping_candidate,pending,waste,generation,output,,weight,waste,generation,output,,weight,0.493,0.303,0.562,false
nestle_india_p211_1_fact_2,Plastic waste,plastic_waste,"Plastic waste (A) 2,489",plastic_waste_collected,0.773,plastic_waste_generated,0.708,plastic_packaging_consumed,0.625,true,false,true,canonical_untyped,Nearest canonical plastic_waste_collected is not alias-eligible because: canonical_untyped.,standard_mapping_candidate,pending,waste,generation,output,,weight,,,unknown,,weight,0.676,0.727,0.743,false
nestle_india_p211_1_fact_28,Waste reused,waste_reused,"(ii) Reused 4,419",waste_recovered_total,0.639,waste_generated,0.630,plastic_waste_collected,0.629,true,false,true,role_mismatch,Nearest canonical waste_recovered_total is not alias-eligible because: role_mismatch.,standard_mapping_candidate,pending,waste,consumption,consumed,,weight,waste,recovery,recovery,,weight,0.636,0.600,0.741,false
nestle_india_p211_1_fact_29,Waste reused,waste_reused,"(ii) Reused 2,088",waste_recovered_total,0.639,waste_generated,0.630,plastic_waste_collected,0.629,true,false,true,role_mismatch,Nearest canonical waste_recovered_total is not alias-eligible because: role_mismatch.,standard_mapping_candidate,pending,waste,consumption,consumed,,weight,waste,recovery,recovery,,weight,0.636,0.600,0.741,false
nestle_india_p211_1_fact_3,Plastic waste,plastic_waste,"Plastic waste (A) 2,237",plastic_waste_collected,0.773,plastic_waste_generated,0.708,plastic_packaging_consumed,0.625,true,false,true,canonical_untyped,Nearest canonical plastic_waste_collected is not alias-eligible because: canonical_untyped.,standard_mapping_candidate,pending,waste,generation,output,,weight,,,unknown,,weight,0.676,0.727,0.743,false
nestle_india_p211_1_fact_30,Waste other recovery operations,waste_other_recovery_operations,"(iii) Other recovery operations 37,668",waste_recovered_total,0.712,waste_generated,0.617,plastic_waste_collected,0.605,true,false,true,role_mismatch,Nearest canonical waste_recovered_total is not alias-eligible because: role_mismatch.,standard_mapping_candidate,pending,waste,recycling,recovery,,weight,waste,recovery,recovery,,weight,0.759,0.596,0.615,false
nestle_india_p211_1_fact_31,Waste other recovery operations,waste_other_recovery_operations,"(iii) Other recovery operations 30,044",waste_recovered_total,0.712,waste_generated,0.617,plastic_waste_collected,0.605,true,false,true,role_mismatch,Nearest canonical waste_recovered_total is not alias-eligible because: role_mismatch.,standard_mapping_candidate,pending,waste,recycling,recovery,,weight,waste,recovery,recovery,,weight,0.759,0.596,0.615,false
nestle_india_p211_1_fact_6,Bio-medical waste,bio_medical_waste,Bio-medical waste (C) 0,waste_generated,0.548,plastic_waste_collected,0.486,construction_demolition_waste,0.472,true,true,true,,Nearest canonical waste_generated passed the semantic gate; alias requires human approval.,standard_mapping_candidate,pending,waste,generation,output,,weight,waste,generation,output,,weight,0.475,0.345,0.667,false
nestle_india_p213_1_fact_19,Water discharge into Surface water,water_discharge_surface_water,"Water discharge by destination and level of treatment [in kiloliters] (i) Into Surface water - No treatment - With treatment - please specify level of treatment 403,234 426,193 0 0 0 0",water_discharged_surface_treated,0.821,water_discharged_total,0.665,water_withdrawal,0.600,true,false,true,role_mismatch,Nearest canonical water_discharged_surface_treated is not alias-eligible because: role_mismatch.,standard_mapping_candidate,pending,water,withdrawal,input,,volume,water,discharge,output,,volume,0.807,0.873,0.818,false
nestle_india_p213_1_fact_20,Water discharge into Surface water,water_discharge_surface_water,"Water discharge by destination and level of treatment [in kiloliters] (i) Into Surface water - No treatment - With treatment - please specify level of treatment 403,234 426,193 0 0 0 0",water_discharged_surface_treated,0.821,water_discharged_total,0.665,water_withdrawal,0.600,true,false,true,role_mismatch,Nearest canonical water_discharged_surface_treated is not alias-eligible because: role_mismatch.,standard_mapping_candidate,pending,water,withdrawal,input,,volume,water,discharge,output,,volume,0.807,0.873,0.818,false
nestle_india_p213_1_fact_23,Total Scope 3 emissions,scope_3_emissions,"Total Scope 3 emissions [Break-up of the GHG into CO2, CH4, N2O, HFCs, PFCs, SF6, NF3, if available) Metric ton of CO2 equivalent Total Scope 3 emissions per rupee of turnover Total Scope 3 emission intensity (optional) – the relevant metric may be selected by the entity Note: Indicate if any independent assessment/ evaluation/assurance has been carried out by an external agency? (Y/N) If yes, name of the external agency. 211",scope_3_emissions,0.985,scope_3_emissions_absolute,0.762,scope_2_emissions,0.755,true,false,false,canonical_untyped;denominator_mismatch,"Nearest canonical scope_3_emissions is not alias-eligible because: canonical_untyped, denominator_mismatch.",standard_mapping_candidate,pending,emissions,generation,output,revenue,weight,,,unknown,,weight,1.000,1.000,0.850,false
nestle_india_p229_1_fact_11,Water discharge sent to third-parties - with treatment,water_discharge_sent_to_third_parties_with_treatment,"Water discharge by destination and level of treatment (in kilolitres) (iv) Sent to third-parties - No treatment 0 0 - With treatment – please specify level of Treatment 123,975 71,757",water_discharged_surface_treated,0.695,water_discharged_total,0.641,water_withdrawal,0.578,true,false,true,fact_untyped,Nearest canonical water_discharged_surface_treated is not alias-eligible because: fact_untyped.,standard_mapping_candidate,pending,water,,unknown,,volume,water,discharge,output,,volume,0.719,0.595,0.727,false
nestle_india_p229_1_fact_12,Water discharge sent to third-parties - with treatment,water_discharge_sent_to_third_parties_with_treatment,"Water discharge by destination and level of treatment (in kilolitres) (iv) Sent to third-parties - No treatment 0 0 - With treatment – please specify level of Treatment 123,975 71,757",water_discharged_surface_treated,0.695,water_discharged_total,0.641,water_withdrawal,0.578,true,false,true,fact_untyped,Nearest canonical water_discharged_surface_treated is not alias-eligible because: fact_untyped.,standard_mapping_candidate,pending,water,,unknown,,volume,water,discharge,output,,volume,0.719,0.595,0.727,false
nestle_india_p229_1_fact_17,Total fuel consumption from renewable sources (B),total_fuel_consumption_from_renewable_sources,"Total fuel consumption (B) 724,991 570,184",renewable_energy_consumption_absolute,0.628,non_renewable_energy_consumption_absolute,0.586,absolute_energy_consumption,0.485,true,true,true,,Nearest canonical renewable_energy_consumption_absolute passed the semantic gate; alias requires human approval.,standard_mapping_candidate,pending,energy,consumption,consumed,,energy,energy,consumption,consumed,,energy,0.635,0.541,0.756,false
nestle_india_p229_1_fact_18,Total fuel consumption from renewable sources (B),total_fuel_consumption_from_renewable_sources,"Total fuel consumption (B) 724,991 570,184",renewable_energy_consumption_absolute,0.628,non_renewable_energy_consumption_absolute,0.586,absolute_energy_consumption,0.485,true,true,true,,Nearest canonical renewable_energy_consumption_absolute passed the semantic gate; alias requires human approval.,standard_mapping_candidate,pending,energy,consumption,consumed,,energy,energy,consumption,consumed,,energy,0.635,0.541,0.756,false
nestle_india_p229_1_fact_19,Energy consumption through other sources (C) from renewable sources,energy_consumption_through_other_sources_from_renewable_sources,Energy consumption through other sources (C) 0 0,renewable_energy_consumption_absolute,0.573,non_renewable_energy_consumption_absolute,0.508,absolute_energy_consumption,0.470,true,true,true,,Nearest canonical renewable_energy_consumption_absolute passed the semantic gate; alias requires human approval.,standard_mapping_candidate,pending,energy,consumption,consumed,,energy,energy,consumption,consumed,,energy,0.597,0.467,0.617,false
nestle_india_p229_1_fact_23,Total electricity consumption from non-renewable sources (D),total_electricity_consumption_from_non_renewable_sources,"Total electricity consumption (D) 0 8,160",non_renewable_energy_consumption_absolute,0.643,renewable_energy_consumption_absolute,0.585,absolute_energy_consumption,0.487,true,true,true,,Nearest canonical non_renewable_energy_consumption_absolute passed the semantic gate; alias requires human approval.,standard_mapping_candidate,pending,energy,consumption,consumed,,energy,energy,consumption,consumed,,energy,0.653,0.552,0.758,false
nestle_india_p229_1_fact_24,Total electricity consumption from non-renewable sources (D),total_electricity_consumption_from_non_renewable_sources,"Total electricity consumption (D) 0 8,160",non_renewable_energy_consumption_absolute,0.643,renewable_energy_consumption_absolute,0.585,absolute_energy_consumption,0.487,true,true,true,,Nearest canonical non_renewable_energy_consumption_absolute passed the semantic gate; alias requires human approval.,standard_mapping_candidate,pending,energy,consumption,consumed,,energy,energy,consumption,consumed,,energy,0.653,0.552,0.758,false
nestle_india_p229_1_fact_25,Total fuel consumption from non-renewable sources (E),total_fuel_consumption_from_non_renewable_sources,"Total fuel consumption (E) 3,129,350 2,595,546",non_renewable_energy_consumption_absolute,0.585,renewable_energy_consumption_absolute,0.538,absolute_energy_consumption,0.457,true,true,true,,Nearest canonical non_renewable_energy_consumption_absolute passed the semantic gate; alias requires human approval.,standard_mapping_candidate,pending,energy,consumption,consumed,,energy,energy,consumption,consumed,,energy,0.611,0.400,0.773,false
nestle_india_p229_1_fact_26,Total fuel consumption from non-renewable sources (E),total_fuel_consumption_from_non_renewable_sources,"Total fuel consumption (E) 3,129,350 2,595,546",non_renewable_energy_consumption_absolute,0.596,renewable_energy_consumption_absolute,0.550,absolute_energy_consumption,0.437,true,true,true,,Nearest canonical non_renewable_energy_consumption_absolute passed the semantic gate; alias requires human approval.,standard_mapping_candidate,pending,energy,consumption,consumed,,energy,energy,consumption,consumed,,energy,0.627,0.400,0.773,false
nestle_india_p229_1_fact_27,Energy consumption through other sources (F) from non-renewable sources,energy_consumption_through_other_sources_from_non_renewable_sources,Energy consumption through other sources (F) 0 0,non_renewable_energy_consumption_absolute,0.579,renewable_energy_consumption_absolute,0.553,absolute_energy_consumption,0.458,true,true,true,,Nearest canonical non_renewable_energy_consumption_absolute passed the semantic gate; alias requires human approval.,standard_mapping_candidate,pending,energy,consumption,consumed,,energy,energy,consumption,consumed,,energy,0.617,0.438,0.604,false
nestle_india_p230_1_fact_11,Bio-medical waste,bio_medical_waste,Bio-medical waste (C) 0 0,waste_generated,0.561,plastic_waste_collected,0.488,construction_demolition_waste,0.474,true,true,true,,Nearest canonical waste_generated passed the semantic gate; alias requires human approval.,standard_mapping_candidate,pending,waste,generation,output,,weight,waste,generation,output,,weight,0.493,0.345,0.667,false
nestle_india_p230_1_fact_15,Battery waste,battery_waste,Battery waste (E) 22 14,waste_generated,0.615,plastic_waste_collected,0.542,e_waste_generated,0.527,true,false,true,role_mismatch,Nearest canonical waste_generated is not alias-eligible because: role_mismatch.,standard_mapping_candidate,pending,waste,consumption,consumed,,weight,waste,generation,output,,weight,0.545,0.385,0.769,false
nestle_india_p230_1_fact_16,Battery waste,battery_waste,Battery waste (E) 22 14,waste_generated,0.615,plastic_waste_collected,0.542,e_waste_generated,0.527,true,false,true,role_mismatch,Nearest canonical waste_generated is not alias-eligible because: role_mismatch.,standard_mapping_candidate,pending,waste,consumption,consumed,,weight,waste,generation,output,,weight,0.545,0.385,0.769,false
nestle_india_p230_1_fact_17,Radioactive waste,radioactive_waste,Radioactive waste (F) 0 0,waste_generated,0.578,plastic_waste_collected,0.488,construction_demolition_waste,0.469,true,true,true,,Nearest canonical waste_generated passed the semantic gate; alias requires human approval.,standard_mapping_candidate,pending,waste,generation,output,,weight,waste,generation,output,,weight,0.529,0.333,0.611,false
nestle_india_p230_1_fact_19,Other Hazardous waste,other_hazardous_waste,"Other Hazardous waste. Please specify, if any. (G) 297 36",waste_generated,0.550,waste_to_landfill,0.467,plastic_waste_collected,0.466,true,true,true,,Nearest canonical waste_generated passed the semantic gate; alias requires human approval.,standard_mapping_candidate,pending,waste,generation,output,,weight,waste,generation,output,,weight,0.504,0.303,0.562,false
nestle_india_p230_1_fact_20,Other Hazardous waste,other_hazardous_waste,"Other Hazardous waste. Please specify, if any. (G) 297 36",waste_generated,0.550,waste_to_landfill,0.467,plastic_waste_collected,0.466,true,true,true,,Nearest canonical waste_generated passed the semantic gate; alias requires human approval.,standard_mapping_candidate,pending,waste,generation,output,,weight,waste,generation,output,,weight,0.504,0.303,0.562,false
nestle_india_p230_1_fact_31,Recycled waste,waste_recycled,"For each category of waste generated, total waste recovered through recycling, re-using or other recovery operations (in metric ton) Category of waste (i) Recycled 37,131 26,631 (ii) Re-used 4,419 2,088 (iii) Other recovery operations 37,668 30,044 Total 79,218 58,763",waste_recovered_total,0.675,plastic_waste_collected,0.672,waste_generated,0.663,true,false,true,role_mismatch,Nearest canonical waste_recovered_total is not alias-eligible because: role_mismatch.,standard_mapping_candidate,pending,waste,consumption,consumed,,weight,waste,recovery,recovery,,weight,0.695,0.625,0.629,false
nestle_india_p230_1_fact_32,Recycled waste,waste_recycled,"For each category of waste generated, total waste recovered through recycling, re-using or other recovery operations (in metric ton) Category of waste (i) Recycled 37,131 26,631 (ii) Re-used 4,419 2,088 (iii) Other recovery operations 37,668 30,044 Total 79,218 58,763",waste_recovered_total,0.675,plastic_waste_collected,0.672,waste_generated,0.663,true,false,true,role_mismatch,Nearest canonical waste_recovered_total is not alias-eligible because: role_mismatch.,standard_mapping_candidate,pending,waste,consumption,consumed,,weight,waste,recovery,recovery,,weight,0.695,0.625,0.629,false
nestle_india_p230_1_fact_33,Re-used waste,waste_reused,"For each category of waste generated, total waste recovered through recycling, re-using or other recovery operations (in metric ton) Category of waste (i) Recycled 37,131 26,631 (ii) Re-used 4,419 2,088 (iii) Other recovery operations 37,668 30,044 Total 79,218 58,763",waste_recovered_total,0.642,waste_generated,0.635,plastic_waste_collected,0.599,true,false,true,role_mismatch,Nearest canonical waste_recovered_total is not alias-eligible because: role_mismatch.,standard_mapping_candidate,pending,waste,consumption,consumed,,weight,waste,recovery,recovery,,weight,0.660,0.600,0.606,false
nestle_india_p230_1_fact_35,Waste recovered by other recovery operations,waste_other_recovery_operations,"For each category of waste generated, total waste recovered through recycling, re-using or other recovery operations (in metric ton) Category of waste (i) Recycled 37,131 26,631 (ii) Re-used 4,419 2,088 (iii) Other recovery operations 37,668 30,044 Total 79,218 58,763",waste_recovered_total,0.729,plastic_waste_collected,0.634,waste_generated,0.623,true,false,true,role_mismatch,Nearest canonical waste_recovered_total is not alias-eligible because: role_mismatch.,standard_mapping_candidate,pending,waste,consumption,consumed,,weight,waste,recovery,recovery,,weight,0.787,0.596,0.585,false
nestle_india_p230_1_fact_36,Waste recovered by other recovery operations,waste_other_recovery_operations,"For each category of waste generated, total waste recovered through recycling, re-using or other recovery operations (in metric ton) Category of waste (i) Recycled 37,131 26,631 (ii) Re-used 4,419 2,088 (iii) Other recovery operations 37,668 30,044 Total 79,218 58,763",waste_recovered_total,0.729,plastic_waste_collected,0.634,waste_generated,0.623,true,false,true,role_mismatch,Nearest canonical waste_recovered_total is not alias-eligible because: role_mismatch.,standard_mapping_candidate,pending,waste,consumption,consumed,,weight,waste,recovery,recovery,,weight,0.787,0.596,0.585,false
nestle_india_p230_1_fact_37,Waste disposed by incineration with energy recovery,waste_disposed_incineration_energy_recovery,"For each category of waste generated, total waste disposed by nature of disposal method (in metric ton) Category of waste (i) Incineration with energy recovery 0 0",waste_generated,0.544,waste_disposed_total,0.537,waste_recovered_total,0.517,true,true,true,subject_mismatch,Nearest canonical waste_generated is not alias-eligible because: subject_mismatch.,standard_mapping_candidate,pending,energy,generation,output,,weight,waste,generation,output,,weight,0.477,0.453,0.394,false
nestle_india_p230_1_fact_39,Waste disposed by landfilling,waste_disposed_landfilling,"For each category of waste generated, total waste disposed by nature of disposal method (in metric ton) Category of waste (ii) Landfilling 0 0",waste_to_landfill,0.672,waste_disposed_total,0.672,waste_generated,0.529,true,false,true,role_mismatch,Nearest canonical waste_to_landfill is not alias-eligible because: role_mismatch.,standard_mapping_candidate,pending,waste,generation,output,,weight,waste,disposal,output,,weight,0.654,0.718,0.706,false
nestle_india_p230_1_fact_41,Waste disposed by other disposal operations,waste_disposed_other_disposal_operations,"For each category of waste generated, total waste disposed by nature of disposal method (in metric ton) Category of waste (iii) Other disposal operations 0 0",waste_disposed_total,0.668,waste_recovered_total,0.599,waste_generated,0.591,true,false,true,role_mismatch,Nearest canonical waste_disposed_total is not alias-eligible because: role_mismatch.,standard_mapping_candidate,pending,waste,generation,output,,weight,waste,disposal,output,,weight,0.687,0.630,0.609,false
nestle_india_p230_1_fact_5,Energy intensity in terms of physical Output,energy_intensity_physical_output,Energy intensity in terms of physical Output GJ/ton 6.41 6.59,energy_intensity_physical_output,0.784,energy_intensity,0.626,water_consumption_intensity,0.501,false,false,true,unit_mismatch;role_mismatch,"Nearest canonical energy_intensity_physical_output is not alias-eligible because: unit_mismatch, role_mismatch.",standard_mapping_candidate,pending,energy,consumption,consumed,production,energy,energy,intensity,ratio,production,ratio,0.691,1.000,1.000,false
nestle_india_p230_1_fact_6,Energy intensity in terms of physical Output,energy_intensity_physical_output,Energy intensity in terms of physical Output GJ/ton 6.41 6.59,energy_intensity_physical_output,0.784,energy_intensity,0.626,water_consumption_intensity,0.501,false,false,true,unit_mismatch;role_mismatch,"Nearest canonical energy_intensity_physical_output is not alias-eligible because: unit_mismatch, role_mismatch.",standard_mapping_candidate,pending,energy,consumption,consumed,production,energy,energy,intensity,ratio,production,ratio,0.691,1.000,1.000,false
nestle_india_p230_1_fact_7,Plastic waste,plastic_waste,"Plastic waste (A) 2,489 2,237",plastic_waste_collected,0.782,plastic_waste_generated,0.739,plastic_packaging_consumed,0.630,true,false,true,canonical_untyped,Nearest canonical plastic_waste_collected is not alias-eligible because: canonical_untyped.,standard_mapping_candidate,pending,waste,generation,output,,weight,,,unknown,,weight,0.689,0.727,0.743,false
nestle_india_p230_1_fact_8,Plastic waste,plastic_waste,"Plastic waste (A) 2,489 2,237",plastic_waste_collected,0.782,plastic_waste_generated,0.739,plastic_packaging_consumed,0.630,true,false,true,canonical_untyped,Nearest canonical plastic_waste_collected is not alias-eligible because: canonical_untyped.,standard_mapping_candidate,pending,waste,generation,output,,weight,,,unknown,,weight,0.689,0.727,0.743,false
nestle_india_p237_1_fact_1,emission intensity reduction,emission_intensity,Your Company has scaled up renewable energy projects across all factories resulting in reduction of emission intensity by 55.9% in last six years (vs 2018 baseline).,ghg_emissions_intensity,0.681,scope_3_emissions_intensity,0.652,combined_scope_1_2_emissions_intensity,0.635,true,false,true,subject_mismatch;role_mismatch,"Nearest canonical ghg_emissions_intensity is not alias-eligible because: subject_mismatch, role_mismatch.",standard_mapping_candidate,pending,energy,generation,output,production,percentage,emissions,intensity,ratio,production,percentage,0.608,0.895,0.766,false
nestle_india_p237_1_fact_2,usage of coal,coal_usage,Your Company has also eliminated usage of coal from eight factories.,manufacturing_cluster_count,0.382,scope_3_emissions_categories,0.374,manufacturing_facilities_count,0.371,true,false,true,canonical_untyped;role_mismatch,"Nearest canonical manufacturing_cluster_count is not alias-eligible because: canonical_untyped, role_mismatch.",true_provisional,pending,energy,consumption,consumed,,count,,count,unknown,,count,0.393,0.294,0.483,false
nestle_india_p237_1_fact_4,energy usage reduction per ton of production,energy_usage_per_ton_production,"Over the last 15 years (~2008 - 2024) on an average, for every ton of production, your Company reduced the usage of energy by around 29%",energy_intensity_physical_output,0.633,energy_consumption_per_unit,0.603,energy_intensity,0.581,false,false,true,unit_mismatch;role_mismatch,"Nearest canonical energy_intensity_physical_output is not alias-eligible because: unit_mismatch, role_mismatch.",standard_mapping_candidate,pending,energy,consumption,consumed,production,percentage,energy,intensity,ratio,production,ratio,0.732,0.321,0.563,false
nestle_india_p237_1_fact_6,generation of wastewater reduction per ton of production,wastewater_generation_per_ton_production,"Over the last 15 years (~2008 - 2024) on an average, for every ton of production, your Company reduced the usage of energy by around 29%, water usage by around 46% generation of wastewater by around 60%",waste_intensity_physical_output,0.576,water_consumption_intensity,0.566,water_intensity_physical_output,0.527,false,false,true,unit_mismatch;subject_mismatch;role_mismatch,"Nearest canonical waste_intensity_physical_output is not alias-eligible because: unit_mismatch, subject_mismatch, role_mismatch.",standard_mapping_candidate,pending,water,consumption,consumed,production,percentage,waste,intensity,ratio,production,ratio,0.649,0.375,0.463,false
nestle_india_p237_1_fact_7,specific direct Green House Gas emissions reduction per ton of production,ghg_emissions_per_ton_production,"Over the last 15 years (~2008 - 2024) on an average, for every ton of production, your Company reduced the usage of energy by around 29%, water usage by around 46% generation of wastewater by around 60% and specific direct Green House Gas emissions by 61%.",ghg_emissions_intensity,0.666,combined_scope_1_2_emissions_intensity,0.587,scope_3_emissions_intensity,0.568,true,false,true,subject_mismatch;role_mismatch,"Nearest canonical ghg_emissions_intensity is not alias-eligible because: subject_mismatch, role_mismatch.",standard_mapping_candidate,pending,water,consumption,consumed,production,percentage,emissions,intensity,ratio,production,percentage,0.736,0.571,0.367,false
nestle_india_p237_2_fact_1,Green House Gas emissions,green_house_gas_emissions,by around 60% and specific direct Green House Gas emissions by 61%.,ghg_emissions_intensity,0.652,ghg_emissions_avoided,0.631,scope_1_emissions,0.617,true,false,false,fact_untyped;denominator_mismatch,"Nearest canonical ghg_emissions_intensity is not alias-eligible because: fact_untyped, denominator_mismatch.",standard_mapping_candidate,pending,emissions,,unknown,,percentage,emissions,intensity,ratio,production,percentage,0.695,0.558,0.542,false
nestle_india_p238_1_fact_1,specific energy consumption,specific_energy_consumption,"As a result, during the period under review, the specific energy consumption reduced from 6.59 GJ/ton to 6.36 GJ/ton (reduction of 3.34 %) and specific GHG emission reduced from 325 Kg CO2 eq per ton to 306 Kg CO2 eq per ton (reduction of 5.85 %).",energy_intensity,0.617,absolute_energy_consumption,0.591,water_consumption_intensity,0.587,false,false,false,canonical_untyped;unit_mismatch;denominator_mismatch,"Nearest canonical energy_intensity is not alias-eligible because: canonical_untyped, unit_mismatch, denominator_mismatch.",standard_mapping_candidate,pending,energy,consumption,consumed,production,energy,,,unknown,,ratio,0.674,0.450,0.548,false
nestle_india_p238_1_fact_3,specific GHG emission,specific_ghg_emission,"As a result, during the period under review, the specific energy consumption reduced from 6.59 GJ/ton to 6.36 GJ/ton (reduction of 3.34 %) and specific GHG emission reduced from 325 Kg CO2 eq per ton to 306 Kg CO2 eq per ton (reduction of 5.85 %).",scope_3_emissions_intensity,0.619,combined_scope_1_2_emissions_intensity,0.602,ghg_emissions_avoided,0.574,false,false,false,canonical_untyped;unit_mismatch;denominator_mismatch,"Nearest canonical scope_3_emissions_intensity is not alias-eligible because: canonical_untyped, unit_mismatch, denominator_mismatch.",standard_mapping_candidate,pending,energy,consumption,consumed,production,weight,,,unknown,,ratio,0.648,0.512,0.627,false
nestle_india_p238_1_fact_4,specific GHG emission reduction,specific_ghg_emission,"As a result, during the period under review, the specific energy consumption reduced from 6.59 GJ/ton to 6.36 GJ/ton (reduction of 3.34 %) and specific GHG emission reduced from 325 Kg CO2 eq per ton to 306 Kg CO2 eq per ton (reduction of 5.85 %).",ghg_emissions_intensity,0.656,scope_3_emissions_intensity,0.618,combined_scope_1_2_emissions_intensity,0.601,true,false,true,subject_mismatch;role_mismatch,"Nearest canonical ghg_emissions_intensity is not alias-eligible because: subject_mismatch, role_mismatch.",standard_mapping_candidate,pending,energy,consumption,consumed,production,percentage,emissions,intensity,ratio,production,percentage,0.701,0.550,0.556,false
